"Genus","Sample_ID","subfamily","family","Coloration","wing_span","Exotic","Diet","Site","Classification"
"Acrobasis","micro_22","Phycitinae","Pyralidae","dark","small","native","generalist","BIVA","suburban"
"Acrobasis","micro_07","Phycitinae","Pyralidae","dark","small","native","generalist","DEMI","suburban"
"Acrolophus","micro_16","Acrolophinae","Tineidae","medium","large","native","specalist","BOWA","rural"
"Acrolophus","micro_41","Acrolophinae","Tineidae","medium","large","native","specalist","AUCA","rural"
"Acrolophus","micro_28","Acrolophinae","Tineidae","medium","large","native","specalist","RIST","rural"
"Acrolophus","micro_03","Acrolophinae","Tineidae","medium","large","native","specalist","COFR","urban"
"Acrolophus","micro_03","Acrolophinae","Tineidae","medium","large","native","specalist","COFR","urban"
"Acrolophus","micro_03","Acrolophinae","Tineidae","medium","large","native","specalist","COFR","urban"
"Acrolophus","micro_28","Acrolophinae","Tineidae","medium","large","native","specalist","RIST","rural"
"Acrolophus","micro_22","Acrolophinae","Tineidae","medium","large","native","specalist","BIVA","suburban"
"Acrolophus","micro_41","Acrolophinae","Tineidae","medium","large","native","specalist","AUCA","rural"
"Acrolophus","micro_03","Acrolophinae","Tineidae","medium","large","native","specalist","COFR","urban"
"Acrolophus","micro_20","Acrolophinae","Tineidae","medium","large","native","specalist","BIVA","suburban"
"Acrolophus","micro_28","Acrolophinae","Tineidae","medium","large","native","specalist","RIST","rural"
"Acrolophus","micro_22","Acrolophinae","Tineidae","medium","large","native","specalist","BIVA","suburban"
"Acrolophus","micro_28","Acrolophinae","Tineidae","medium","large","native","specalist","RIST","rural"
"Acrolophus","micro_28","Acrolophinae","Tineidae","medium","large","native","specalist","RIST","rural"
"Acrolophus","micro_28","Acrolophinae","Tineidae","medium","large","native","specalist","RIST","rural"
"Acrolophus","micro_28","Acrolophinae","Tineidae","medium","large","native","specalist","RIST","rural"
"Acrolophus","micro_28","Acrolophinae","Tineidae","medium","large","native","specalist","RIST","rural"
"Acrolophus","micro_28","Acrolophinae","Tineidae","medium","large","native","specalist","RIST","rural"
"Acrolophus","micro_03","Acrolophinae","Tineidae","medium","large","native","specalist","COFR","urban"
"Acrolophus","micro_03","Acrolophinae","Tineidae","medium","large","native","specalist","COFR","urban"
"Acrolophus","micro_41","Acrolophinae","Tineidae","medium","large","native","specalist","AUCA","rural"
"Acrolophus","micro_41","Acrolophinae","Tineidae","medium","large","native","specalist","AUCA","rural"
"Acrolophus","micro_41","Acrolophinae","Tineidae","medium","large","native","specalist","AUCA","rural"
"Acrolophus","micro_41","Acrolophinae","Tineidae","medium","large","native","specalist","AUCA","rural"
"Acrolophus","micro_41","Acrolophinae","Tineidae","medium","large","native","specalist","AUCA","rural"
"Acrolophus","micro_41","Acrolophinae","Tineidae","medium","large","native","specalist","AUCA","rural"
"Acrolophus","micro_28","Acrolophinae","Tineidae","medium","large","native","specalist","RIST","rural"
"Acrolophus","micro_09","Acrolophinae","Tineidae","medium","large","native","specalist","DEMI","suburban"
"Acrolophus","micro_14","Acrolophinae","Tineidae","medium","large","native","specalist","BOWA","rural"
"Acrolophus","micro_09","Acrolophinae","Tineidae","medium","large","native","specalist","DEMI","suburban"
"Acrolophus","micro_03","Acrolophinae","Tineidae","medium","large","native","specalist","COFR","urban"
"Acrolophus","micro_09","Acrolophinae","Tineidae","medium","large","native","specalist","DEMI","suburban"
"Acrolophus","micro_03","Acrolophinae","Tineidae","medium","large","native","specalist","COFR","urban"
"Acrolophus","micro_09","Acrolophinae","Tineidae","medium","large","native","specalist","DEMI","suburban"
"Acrolophus","micro_02","Acrolophinae","Tineidae","medium","large","native","specalist","COFR","urban"
"Acrolophus","micro_09","Acrolophinae","Tineidae","medium","large","native","specalist","DEMI","suburban"
"Acrolophus","micro_41","Acrolophinae","Tineidae","medium","large","native","specalist","AUCA","rural"
"Acrolophus","micro_22","Acrolophinae","Tineidae","medium","large","native","specalist","BIVA","suburban"
"Acrolophus","micro_09","Acrolophinae","Tineidae","medium","large","native","specalist","DEMI","suburban"
"Acrolophus","micro_28","Acrolophinae","Tineidae","medium","large","native","specalist","RIST","rural"
"Acrolophus","micro_22","Acrolophinae","Tineidae","medium","large","native","specalist","BIVA","suburban"
"Acrolophus","micro_41","Acrolophinae","Tineidae","medium","large","native","specalist","AUCA","rural"
"Acrolophus","micro_09","Acrolophinae","Tineidae","medium","large","native","specalist","DEMI","suburban"
"Acrolophus","micro_41","Acrolophinae","Tineidae","medium","large","native","specalist","AUCA","rural"
"Acrolophus","micro_41","Acrolophinae","Tineidae","medium","large","native","specalist","AUCA","rural"
"Acrolophus","micro_28","Acrolophinae","Tineidae","medium","large","native","specalist","RIST","rural"
"Acrolophus","micro_28","Acrolophinae","Tineidae","medium","large","native","specalist","RIST","rural"
"Acrolophus","micro_22","Acrolophinae","Tineidae","medium","large","native","specalist","BIVA","suburban"
"Amydria","micro_28","Acrolophinae","Tineidae","medium","medium","native","","RIST","rural"
"Amydria","micro_28","Acrolophinae","Tineidae","medium","medium","native","","RIST","rural"
"Anageshna","micro_05","Spilomelinae","Crambidae","medium","small","native","","COFR","urban"
"Anageshna","micro_05","Spilomelinae","Crambidae","medium","small","native","","COFR","urban"
"Anageshna","micro_05","Spilomelinae","Crambidae","medium","small","native","","COFR","urban"
"Anageshna","micro_05","Spilomelinae","Crambidae","medium","small","native","","COFR","urban"
"Anageshna","micro_05","Spilomelinae","Crambidae","medium","small","native","","COFR","urban"
"Anageshna","micro_05","Spilomelinae","Crambidae","medium","small","native","","COFR","urban"
"Anageshna","micro_05","Spilomelinae","Crambidae","medium","small","native","","COFR","urban"
"Anageshna","micro_02","Spilomelinae","Crambidae","medium","small","native","","COFR","urban"
"Anageshna","micro_05","Spilomelinae","Crambidae","medium","small","native","","COFR","urban"
"Anageshna","micro_05","Spilomelinae","Crambidae","medium","small","native","","COFR","urban"
"Anageshna","micro_05","Spilomelinae","Crambidae","medium","small","native","","COFR","urban"
"Anageshna","micro_02","Spilomelinae","Crambidae","medium","small","native","","COFR","urban"
"Anageshna","micro_05","Spilomelinae","Crambidae","medium","small","native","","COFR","urban"
"Anatrachyntis","micro_18","Cosmopteriginae","Cosmopterigidae","light","small","exotic","generalist","BOWA","rural"
"Ancylis","micro_29","Olethreutinae","Tortricidae","medium","medium","native","","RIST","rural"
"Ancylis","micro_29","Olethreutinae","Tortricidae","medium","medium","native","","RIST","rural"
"Ancylis","micro_29","Olethreutinae","Tortricidae","medium","medium","native","","RIST","rural"
"Ancylis","micro_29","Olethreutinae","Tortricidae","medium","medium","native","","RIST","rural"
"Ancylis","micro_29","Olethreutinae","Tortricidae","medium","medium","native","","RIST","rural"
"Aphomia","micro_19","Galleriinae","Pyralidae","light","large","native;pest","specalist","BIVA","suburban"
"Aphomia","micro_07","Galleriinae","Pyralidae","light","large","native;pest","specalist","DEMI","suburban"
"Aphomia","micro_20","Galleriinae","Pyralidae","light","large","native;pest","specalist","BIVA","suburban"
"Aphomia","micro_19","Galleriinae","Pyralidae","light","large","native;pest","specalist","BIVA","suburban"
"Aphomia","micro_07","Galleriinae","Pyralidae","light","large","native;pest","specalist","DEMI","suburban"
"Aphomia","micro_29","Galleriinae","Pyralidae","light","large","native;pest","specalist","RIST","rural"
"Aphomia","micro_19","Galleriinae","Pyralidae","light","large","native;pest","specalist","BIVA","suburban"
"Aphomia","micro_25","Galleriinae","Pyralidae","light","large","native;pest","specalist","RIST","rural"
"Aphomia","micro_25","Galleriinae","Pyralidae","light","large","native;pest","specalist","RIST","rural"
"Aphomia","micro_25","Galleriinae","Pyralidae","light","large","native;pest","specalist","RIST","rural"
"Aphomia","micro_19","Galleriinae","Pyralidae","light","large","native;pest","specalist","BIVA","suburban"
"Aphomia","micro_19","Galleriinae","Pyralidae","light","large","native;pest","specalist","BIVA","suburban"
"Aphomia","micro_19","Galleriinae","Pyralidae","light","large","native;pest","specalist","BIVA","suburban"
"Aphomia","micro_25","Galleriinae","Pyralidae","light","large","native;pest","specalist","RIST","rural"
"Aphomia","micro_29","Galleriinae","Pyralidae","light","large","native;pest","specalist","RIST","rural"
"Aphomia","micro_19","Galleriinae","Pyralidae","light","large","native;pest","specalist","BIVA","suburban"
"Aphomia","micro_19","Galleriinae","Pyralidae","light","large","native;pest","specalist","BIVA","suburban"
"Aphomia","micro_19","Galleriinae","Pyralidae","light","large","native;pest","specalist","BIVA","suburban"
"Aphomia","micro_19","Galleriinae","Pyralidae","light","large","native;pest","specalist","BIVA","suburban"
"Aphomia","micro_19","Galleriinae","Pyralidae","light","large","native;pest","specalist","BIVA","suburban"
"Aphomia","micro_19","Galleriinae","Pyralidae","light","large","native;pest","specalist","BIVA","suburban"
"Aphomia","micro_25","Galleriinae","Pyralidae","light","large","native;pest","specalist","RIST","rural"
"Aphomia","micro_19","Galleriinae","Pyralidae","light","large","native;pest","specalist","BIVA","suburban"
"Aphomia","micro_19","Galleriinae","Pyralidae","light","large","native;pest","specalist","BIVA","suburban"
"Aphomia","micro_25","Galleriinae","Pyralidae","light","large","native;pest","specalist","RIST","rural"
"Aphomia","micro_25","Galleriinae","Pyralidae","light","large","native;pest","specalist","RIST","rural"
"Aphomia","micro_03","Galleriinae","Pyralidae","light","large","native;pest","specalist","COFR","urban"
"Archips","micro_10","Tortricinae","Tortricidae","medium","small","exotic;pest","specialist","DEMI","suburban"
"Argyria","micro_03","Crambinae","Crambidae","light","small","native","specalist","COFR","urban"
"Argyria","micro_48","Crambinae","Crambidae","light","small","native","specalist","JOMA","urban"
"Argyria","micro_03","Crambinae","Crambidae","light","small","native","specalist","COFR","urban"
"Argyria","micro_33","Crambinae","Crambidae","light","small","native","specalist","BACA","urban"
"Argyria","micro_03","Crambinae","Crambidae","light","small","native","specalist","COFR","urban"
"Argyria","micro_03","Crambinae","Crambidae","light","small","native","specalist","COFR","urban"
"Argyria","micro_03","Crambinae","Crambidae","light","small","native","specalist","COFR","urban"
"Argyria","micro_03","Crambinae","Crambidae","light","small","native","specalist","COFR","urban"
"Argyria","micro_02","Crambinae","Crambidae","light","small","native","specalist","COFR","urban"
"Argyria","micro_03","Crambinae","Crambidae","light","small","native","specalist","COFR","urban"
"Argyria","micro_03","Crambinae","Crambidae","light","small","native","specalist","COFR","urban"
"Argyria","micro_03","Crambinae","Crambidae","light","small","native","specalist","COFR","urban"
"Argyria","micro_03","Crambinae","Crambidae","light","small","native","specalist","COFR","urban"
"Argyria","micro_44","Crambinae","Crambidae","light","small","native","specalist","JOMA","urban"
"Argyria","micro_03","Crambinae","Crambidae","light","small","native","specalist","COFR","urban"
"Arta","micro_03","Chrysauginae","Pyralidae","dark","large","native","","COFR","urban"
"Arta","micro_04","Chrysauginae","Pyralidae","dark","large","native","","COFR","urban"
"Arta","micro_04","Chrysauginae","Pyralidae","dark","large","native","","COFR","urban"
"Arta","micro_04","Chrysauginae","Pyralidae","dark","large","native","","COFR","urban"
"Arta","micro_04","Chrysauginae","Pyralidae","dark","large","native","","COFR","urban"
"Arta","micro_04","Chrysauginae","Pyralidae","dark","large","native","","COFR","urban"
"Atheloca","micro_28","Phycitinae","Pyralidae","light","medium","native;pest","specialist","RIST","rural"
"Atheloca","micro_28","Phycitinae","Pyralidae","light","medium","native;pest","specialist","RIST","rural"
"Batrachedra","micro_05","","Batrachedridae","light","small","native","generalist","COFR","urban"
"Batrachedra","micro_05","","Batrachedridae","light","small","native","generalist","COFR","urban"
"Batrachedra","micro_05","","Batrachedridae","light","small","native","generalist","COFR","urban"
"Batrachedra","micro_05","","Batrachedridae","light","small","native","generalist","COFR","urban"
"Bicilia","micro_22","Spilomelinae","Crambidae","medium","medium","native","","BIVA","suburban"
"Blastobasis","micro_05","Blastobasinae","Blastobasidae","light","small","native","","COFR","urban"
"Blastobasis","micro_05","Blastobasinae","Blastobasidae","light","small","native","","COFR","urban"
"Caloptilia","micro_05","Gracillariinae","Gracillariidae","dark","small","native","specialist","COFR","urban"
"Caloptilia","micro_05","Gracillariinae","Gracillariidae","dark","small","native","specialist","COFR","urban"
"Caloptilia","micro_07","Gracillariinae","Gracillariidae","dark","small","native","specialist","DEMI","suburban"
"Caloptilia","micro_07","Gracillariinae","Gracillariidae","dark","small","native","specialist","DEMI","suburban"
"Caloptilia","micro_05","Gracillariinae","Gracillariidae","dark","small","native","specialist","COFR","urban"
"Caloptilia","micro_07","Gracillariinae","Gracillariidae","dark","small","native","specialist","DEMI","suburban"
"Caloptilia","micro_05","Gracillariinae","Gracillariidae","dark","small","native","specialist","COFR","urban"
"Caloptilia","micro_01","Gracillariinae","Gracillariidae","dark","small","native","specialist","COFR","urban"
"Choristoneura","micro_07","Tortricinae","Tortricidae","medium","large","native;pest","generalist","DEMI","suburban"
"Crambus","micro_29","Crambinae","Crambidae","light","small","native;pest","specialist","RIST","rural"
"Crambus","micro_25","Crambinae","Crambidae","light","small","native;pest","specialist","RIST","rural"
"Crambus","micro_25","Crambinae","Crambidae","light","small","native;pest","specialist","RIST","rural"
"Crambus","micro_25","Crambinae","Crambidae","light","small","native;pest","specialist","RIST","rural"
"Crambus","micro_25","Crambinae","Crambidae","light","small","native;pest","specialist","RIST","rural"
"Crambus","micro_25","Crambinae","Crambidae","light","small","native;pest","specialist","RIST","rural"
"Diachorisia","micro_28","","Tineidae","medium","medium","native","","RIST","rural"
"Diachorisia","micro_28","","Tineidae","medium","medium","native","","RIST","rural"
"Diachorisia","micro_28","","Tineidae","medium","medium","native","","RIST","rural"
"Diachorisia","micro_22","","Tineidae","medium","medium","native","","BIVA","suburban"
"Diachorisia","micro_28","","Tineidae","medium","medium","native","","RIST","rural"
"Diacme","micro_05","Spilomelinae","Crambidae","medium","large","native","","COFR","urban"
"Diacme","micro_05","Spilomelinae","Crambidae","medium","large","native","","COFR","urban"
"Diacme","micro_05","Spilomelinae","Crambidae","medium","large","native","","COFR","urban"
"Diacme","micro_05","Spilomelinae","Crambidae","medium","large","native","","COFR","urban"
"Dichomeris","micro_28","Dichomeridinae","Gelechiidae","medium","medium","exotic;pest","generalist","RIST","rural"
"Dichomeris","micro_01","Dichomeridinae","Gelechiidae","medium","medium","exotic;pest","generalist","COFR","urban"
"Dichomeris","micro_01","Dichomeridinae","Gelechiidae","medium","medium","exotic;pest","generalist","COFR","urban"
"Dichomeris","micro_01","Dichomeridinae","Gelechiidae","medium","medium","exotic;pest","generalist","COFR","urban"
"Dichomeris","micro_28","Dichomeridinae","Gelechiidae","medium","medium","exotic;pest","generalist","RIST","rural"
"Dichomeris","micro_28","Dichomeridinae","Gelechiidae","medium","medium","exotic;pest","generalist","RIST","rural"
"Dichomeris","micro_28","Dichomeridinae","Gelechiidae","medium","medium","exotic;pest","generalist","RIST","rural"
"Dichomeris","micro_01","Dichomeridinae","Gelechiidae","medium","medium","exotic;pest","generalist","COFR","urban"
"Dichomeris","micro_49","Dichomeridinae","Gelechiidae","medium","medium","exotic;pest","generalist","PRCR","suburban"
"Dichomeris","micro_28","Dichomeridinae","Gelechiidae","medium","medium","exotic;pest","generalist","RIST","rural"
"Dichomeris","micro_28","Dichomeridinae","Gelechiidae","medium","medium","exotic;pest","generalist","RIST","rural"
"Dichomeris","micro_01","Dichomeridinae","Gelechiidae","medium","medium","exotic;pest","generalist","COFR","urban"
"Dichomeris","micro_01","Dichomeridinae","Gelechiidae","medium","medium","exotic;pest","generalist","COFR","urban"
"Elophila","micro_19","Acentropinae","Crambidae","dark","small","native","generalist","BIVA","suburban"
"Elophila","micro_05","Acentropinae","Crambidae","dark","small","native","generalist","COFR","urban"
"Elophila","micro_19","Acentropinae","Crambidae","dark","small","native","generalist","BIVA","suburban"
"Elophila","micro_07","Acentropinae","Crambidae","dark","small","native","generalist","DEMI","suburban"
"Elophila","micro_29","Acentropinae","Crambidae","dark","small","native","generalist","RIST","rural"
"Elophila","micro_05","Acentropinae","Crambidae","dark","small","native","generalist","COFR","urban"
"Elophila","micro_03","Acentropinae","Crambidae","dark","small","native","generalist","COFR","urban"
"Elophila","micro_29","Acentropinae","Crambidae","dark","small","native","generalist","RIST","rural"
"Elophila","micro_05","Acentropinae","Crambidae","dark","small","native","generalist","COFR","urban"
"Elophila","micro_05","Acentropinae","Crambidae","dark","small","native","generalist","COFR","urban"
"Elophila","micro_29","Acentropinae","Crambidae","dark","small","native","generalist","RIST","rural"
"Elophila","micro_05","Acentropinae","Crambidae","dark","small","native","generalist","COFR","urban"
"Elophila","micro_08","Acentropinae","Crambidae","dark","small","native","generalist","DEMI","suburban"
"Elophila","micro_19","Acentropinae","Crambidae","dark","small","native","generalist","BIVA","suburban"
"Elophila","micro_29","Acentropinae","Crambidae","dark","small","native","generalist","RIST","rural"
"Elophila","micro_29","Acentropinae","Crambidae","dark","small","native","generalist","RIST","rural"
"Elophila","micro_05","Acentropinae","Crambidae","dark","small","native","generalist","COFR","urban"
"Elophila","micro_05","Acentropinae","Crambidae","dark","small","native","generalist","COFR","urban"
"Elophila","micro_29","Acentropinae","Crambidae","dark","small","native","generalist","RIST","rural"
"Endothenia","micro_29","Olethreutinae","Tortricidae","medium","small","native","generalist","RIST","rural"
"Endothenia","micro_29","Olethreutinae","Tortricidae","medium","small","native","generalist","RIST","rural"
"Epiblema","micro_49","Olethreutinae","Tortricidae","dark","small","native","","PRCR","suburban"
"Epipaschia","micro_22","Epipaschiinae","Pyralidae","medium","large","native","specialist","BIVA","suburban"
"Epipaschia","micro_22","Epipaschiinae","Pyralidae","medium","large","native","specialist","BIVA","suburban"
"Epipaschia","micro_22","Epipaschiinae","Pyralidae","medium","large","native","specialist","BIVA","suburban"
"Euclea","micro_15","","Limacodidae","dark","large","native","specialist","BOWA","rural"
"Fissicrambus","micro_05","Crambinae","Crambidae","light","small","native","","COFR","urban"
"Fissicrambus","micro_06","Crambinae","Crambidae","light","small","native","","COFR","urban"
"Fissicrambus","micro_05","Crambinae","Crambidae","light","small","native","","COFR","urban"
"Fissicrambus","micro_05","Crambinae","Crambidae","light","small","native","","COFR","urban"
"Fissicrambus","micro_04","Crambinae","Crambidae","light","small","native","","COFR","urban"
"Fissicrambus","micro_05","Crambinae","Crambidae","light","small","native","","COFR","urban"
"Fissicrambus","micro_05","Crambinae","Crambidae","light","small","native","","COFR","urban"
"Fissicrambus","micro_05","Crambinae","Crambidae","light","small","native","","COFR","urban"
"Fissicrambus","micro_05","Crambinae","Crambidae","light","small","native","","COFR","urban"
"Fissicrambus","micro_05","Crambinae","Crambidae","light","small","native","","COFR","urban"
"Fissicrambus","micro_05","Crambinae","Crambidae","light","small","native","","COFR","urban"
"Fissicrambus","micro_05","Crambinae","Crambidae","light","small","native","","COFR","urban"
"Galleria","micro_03","Galleriinae","Pyralidae","medium","small","exotic;pest","specialist","COFR","urban"
"Garrha","micro_16","Oecophorinae","Oecophoridae","medium","large","native","specialist","BOWA","rural"
"Glauce","micro_40","Gelechiinae","Gelechiidae","light","small","native","specialist","AUCA","rural"
"Glauce","micro_40","Gelechiinae","Gelechiidae","light","small","native","specialist","AUCA","rural"
"Heliades","micro_42","Chrysauginae","Pyralidae","medium","medium","native","specialist","AUCA","rural"
"Heliades","micro_49","Chrysauginae","Pyralidae","medium","medium","native","specialist","PRCR","suburban"
"Heliades","micro_49","Chrysauginae","Pyralidae","medium","medium","native","specialist","PRCR","suburban"
"Herpetogramma","micro_02","Spilomelinae","Crambidae","medium","large","native","specialist","COFR","urban"
"Herpetogramma","micro_03","Spilomelinae","Crambidae","medium","large","native","specialist","COFR","urban"
"Herpetogramma","micro_02","Spilomelinae","Crambidae","medium","large","native","specialist","COFR","urban"
"Herpetogramma","micro_03","Spilomelinae","Crambidae","medium","large","native","specialist","COFR","urban"
"Herpetogramma","micro_03","Spilomelinae","Crambidae","medium","large","native","specialist","COFR","urban"
"Herpetogramma","micro_01","Spilomelinae","Crambidae","medium","large","native","specialist","COFR","urban"
"Herpetogramma","micro_03","Spilomelinae","Crambidae","medium","large","native","specialist","COFR","urban"
"Herpetogramma","micro_03","Spilomelinae","Crambidae","medium","large","native","specialist","COFR","urban"
"Herpetogramma","micro_27","Spilomelinae","Crambidae","medium","large","native","specialist","RIST","rural"
"Herpetogramma","micro_03","Spilomelinae","Crambidae","medium","large","native","specialist","COFR","urban"
"Herpetogramma","micro_03","Spilomelinae","Crambidae","medium","large","native","specialist","COFR","urban"
"Herpetogramma","micro_01","Spilomelinae","Crambidae","medium","large","native","specialist","COFR","urban"
"Herpetogramma","micro_03","Spilomelinae","Crambidae","medium","large","native","specialist","COFR","urban"
"Herpetogramma","micro_12","Spilomelinae","Crambidae","medium","large","native","specialist","DEMI","suburban"
"Herpetogramma","micro_03","Spilomelinae","Crambidae","medium","large","native","specialist","COFR","urban"
"Herpetogramma","micro_35","Spilomelinae","Crambidae","medium","large","native","specialist","BACA","urban"
"Herpetogramma","micro_03","Spilomelinae","Crambidae","medium","large","native","specialist","COFR","urban"
"Herpetogramma","micro_03","Spilomelinae","Crambidae","medium","large","native","specialist","COFR","urban"
"Herpetogramma","micro_03","Spilomelinae","Crambidae","medium","large","native","specialist","COFR","urban"
"Herpetogramma","micro_03","Spilomelinae","Crambidae","medium","large","native","specialist","COFR","urban"
"Herpetogramma","micro_03","Spilomelinae","Crambidae","medium","large","native","specialist","COFR","urban"
"Herpetogramma","micro_24","Spilomelinae","Crambidae","medium","large","native","specialist","BIVA","suburban"
"Herpetogramma","micro_03","Spilomelinae","Crambidae","medium","large","native","specialist","COFR","urban"
"Herpetogramma","micro_03","Spilomelinae","Crambidae","medium","large","native","specialist","COFR","urban"
"Herpetogramma","micro_03","Spilomelinae","Crambidae","medium","large","native","specialist","COFR","urban"
"Herpetogramma","micro_03","Spilomelinae","Crambidae","medium","large","native","specialist","COFR","urban"
"Herpetogramma","micro_03","Spilomelinae","Crambidae","medium","large","native","specialist","COFR","urban"
"Herpetogramma","micro_03","Spilomelinae","Crambidae","medium","large","native","specialist","COFR","urban"
"Herpetogramma","micro_03","Spilomelinae","Crambidae","medium","large","native","specialist","COFR","urban"
"Herpetogramma","micro_03","Spilomelinae","Crambidae","medium","large","native","specialist","COFR","urban"
"Herpetogramma","micro_54","Spilomelinae","Crambidae","medium","large","native","specialist","PRCR","suburban"
"Herpetogramma","micro_09","Spilomelinae","Crambidae","medium","large","native","specialist","DEMI","suburban"
"Herpetogramma","micro_04","Spilomelinae","Crambidae","medium","large","native","specialist","COFR","urban"
"Herpetogramma","micro_03","Spilomelinae","Crambidae","medium","large","native","specialist","COFR","urban"
"Herpetogramma","micro_03","Spilomelinae","Crambidae","medium","large","native","specialist","COFR","urban"
"Herpetogramma","micro_03","Spilomelinae","Crambidae","medium","large","native","specialist","COFR","urban"
"Herpetogramma","micro_03","Spilomelinae","Crambidae","medium","large","native","specialist","COFR","urban"
"Herpetogramma","micro_03","Spilomelinae","Crambidae","medium","large","native","specialist","COFR","urban"
"Herpetogramma","micro_03","Spilomelinae","Crambidae","medium","large","native","specialist","COFR","urban"
"Herpetogramma","micro_03","Spilomelinae","Crambidae","medium","large","native","specialist","COFR","urban"
"Herpetogramma","micro_03","Spilomelinae","Crambidae","medium","large","native","specialist","COFR","urban"
"Herpetogramma","micro_03","Spilomelinae","Crambidae","medium","large","native","specialist","COFR","urban"
"Herpetogramma","micro_03","Spilomelinae","Crambidae","medium","large","native","specialist","COFR","urban"
"Herpetogramma","micro_03","Spilomelinae","Crambidae","medium","large","native","specialist","COFR","urban"
"Herpetogramma","micro_03","Spilomelinae","Crambidae","medium","large","native","specialist","COFR","urban"
"Herpetogramma","micro_03","Spilomelinae","Crambidae","medium","large","native","specialist","COFR","urban"
"Herpetogramma","micro_03","Spilomelinae","Crambidae","medium","large","native","specialist","COFR","urban"
"Herpetogramma","micro_03","Spilomelinae","Crambidae","medium","large","native","specialist","COFR","urban"
"Herpetogramma","micro_12","Spilomelinae","Crambidae","medium","large","native","specialist","DEMI","suburban"
"Herpetogramma","micro_03","Spilomelinae","Crambidae","medium","large","native","specialist","COFR","urban"
"Herpetogramma","micro_03","Spilomelinae","Crambidae","medium","large","native","specialist","COFR","urban"
"Herpetogramma","micro_03","Spilomelinae","Crambidae","medium","large","native","specialist","COFR","urban"
"Herpetogramma","micro_03","Spilomelinae","Crambidae","medium","large","native","specialist","COFR","urban"
"Herpetogramma","micro_08","Spilomelinae","Crambidae","medium","large","native","specialist","DEMI","suburban"
"Herpetogramma","micro_03","Spilomelinae","Crambidae","medium","large","native","specialist","COFR","urban"
"Herpetogramma","micro_04","Spilomelinae","Crambidae","medium","large","native","specialist","COFR","urban"
"Herpetogramma","micro_03","Spilomelinae","Crambidae","medium","large","native","specialist","COFR","urban"
"Herpetogramma","micro_03","Spilomelinae","Crambidae","medium","large","native","specialist","COFR","urban"
"Herpetogramma","micro_03","Spilomelinae","Crambidae","medium","large","native","specialist","COFR","urban"
"Herpetogramma","micro_03","Spilomelinae","Crambidae","medium","large","native","specialist","COFR","urban"
"Herpetogramma","micro_20","Spilomelinae","Crambidae","medium","large","native","specialist","BIVA","suburban"
"Herpetogramma","micro_03","Spilomelinae","Crambidae","medium","large","native","specialist","COFR","urban"
"Herpetogramma","micro_03","Spilomelinae","Crambidae","medium","large","native","specialist","COFR","urban"
"Herpetogramma","micro_05","Spilomelinae","Crambidae","medium","large","native","specialist","COFR","urban"
"Herpetogramma","micro_03","Spilomelinae","Crambidae","medium","large","native","specialist","COFR","urban"
"Herpetogramma","micro_03","Spilomelinae","Crambidae","medium","large","native","specialist","COFR","urban"
"Herpetogramma","micro_03","Spilomelinae","Crambidae","medium","large","native","specialist","COFR","urban"
"Herpetogramma","micro_03","Spilomelinae","Crambidae","medium","large","native","specialist","COFR","urban"
"Herpetogramma","micro_03","Spilomelinae","Crambidae","medium","large","native","specialist","COFR","urban"
"Herpetogramma","micro_09","Spilomelinae","Crambidae","medium","large","native","specialist","DEMI","suburban"
"Herpetogramma","micro_03","Spilomelinae","Crambidae","medium","large","native","specialist","COFR","urban"
"Herpetogramma","micro_03","Spilomelinae","Crambidae","medium","large","native","specialist","COFR","urban"
"Herpetogramma","micro_03","Spilomelinae","Crambidae","medium","large","native","specialist","COFR","urban"
"Herpetogramma","micro_04","Spilomelinae","Crambidae","medium","large","native","specialist","COFR","urban"
"Herpetogramma","micro_03","Spilomelinae","Crambidae","medium","large","native","specialist","COFR","urban"
"Herpetogramma","micro_03","Spilomelinae","Crambidae","medium","large","native","specialist","COFR","urban"
"Herpetogramma","micro_04","Spilomelinae","Crambidae","medium","large","native","specialist","COFR","urban"
"Herpetogramma","micro_03","Spilomelinae","Crambidae","medium","large","native","specialist","COFR","urban"
"Herpetogramma","micro_03","Spilomelinae","Crambidae","medium","large","native","specialist","COFR","urban"
"Herpetogramma","micro_04","Spilomelinae","Crambidae","medium","large","native","specialist","COFR","urban"
"Herpetogramma","micro_04","Spilomelinae","Crambidae","medium","large","native","specialist","COFR","urban"
"Herpetogramma","micro_03","Spilomelinae","Crambidae","medium","large","native","specialist","COFR","urban"
"Herpetogramma","micro_03","Spilomelinae","Crambidae","medium","large","native","specialist","COFR","urban"
"Herpetogramma","micro_03","Spilomelinae","Crambidae","medium","large","native","specialist","COFR","urban"
"Herpetogramma","micro_12","Spilomelinae","Crambidae","medium","large","native","specialist","DEMI","suburban"
"Herpetogramma","micro_12","Spilomelinae","Crambidae","medium","large","native","specialist","DEMI","suburban"
"Herpetogramma","micro_03","Spilomelinae","Crambidae","medium","large","native","specialist","COFR","urban"
"Herpetogramma","micro_03","Spilomelinae","Crambidae","medium","large","native","specialist","COFR","urban"
"Herpetogramma","micro_09","Spilomelinae","Crambidae","medium","large","native","specialist","DEMI","suburban"
"Herpetogramma","micro_09","Spilomelinae","Crambidae","medium","large","native","specialist","DEMI","suburban"
"Herpetogramma","micro_16","Spilomelinae","Crambidae","medium","large","native","specialist","BOWA","rural"
"Herpetogramma","micro_22","Spilomelinae","Crambidae","medium","large","native","specialist","BIVA","suburban"
"Herpetogramma","micro_03","Spilomelinae","Crambidae","medium","large","native","specialist","COFR","urban"
"Herpetogramma","micro_04","Spilomelinae","Crambidae","medium","large","native","specialist","COFR","urban"
"Herpetogramma","micro_20","Spilomelinae","Crambidae","medium","large","native","specialist","BIVA","suburban"
"Herpetogramma","micro_03","Spilomelinae","Crambidae","medium","large","native","specialist","COFR","urban"
"Herpetogramma","micro_03","Spilomelinae","Crambidae","medium","large","native","specialist","COFR","urban"
"Herpetogramma","micro_08","Spilomelinae","Crambidae","medium","large","native","specialist","DEMI","suburban"
"Herpetogramma","micro_20","Spilomelinae","Crambidae","medium","large","native","specialist","BIVA","suburban"
"Herpetogramma","micro_09","Spilomelinae","Crambidae","medium","large","native","specialist","DEMI","suburban"
"Herpetogramma","micro_16","Spilomelinae","Crambidae","medium","large","native","specialist","BOWA","rural"
"Herpetogramma","micro_03","Spilomelinae","Crambidae","medium","large","native","specialist","COFR","urban"
"Herpetogramma","micro_09","Spilomelinae","Crambidae","medium","large","native","specialist","DEMI","suburban"
"Herpetogramma","micro_21","Spilomelinae","Crambidae","medium","large","native","specialist","BIVA","suburban"
"Herpetogramma","micro_04","Spilomelinae","Crambidae","medium","large","native","specialist","COFR","urban"
"Herpetogramma","micro_16","Spilomelinae","Crambidae","medium","large","native","specialist","BOWA","rural"
"Herpetogramma","micro_21","Spilomelinae","Crambidae","medium","large","native","specialist","BIVA","suburban"
"Herpetogramma","micro_16","Spilomelinae","Crambidae","medium","large","native","specialist","BOWA","rural"
"Herpetogramma","micro_03","Spilomelinae","Crambidae","medium","large","native","specialist","COFR","urban"
"Herpetogramma","micro_38","Spilomelinae","Crambidae","medium","large","native","specialist","AUCA","rural"
"Herpetogramma","micro_04","Spilomelinae","Crambidae","medium","large","native","specialist","COFR","urban"
"Herpetogramma","micro_03","Spilomelinae","Crambidae","medium","large","native","specialist","COFR","urban"
"Herpetogramma","micro_03","Spilomelinae","Crambidae","medium","large","native","specialist","COFR","urban"
"Herpetogramma","micro_31","Spilomelinae","Crambidae","medium","large","native","specialist","BACA","urban"
"Herpetogramma","micro_03","Spilomelinae","Crambidae","medium","large","native","specialist","COFR","urban"
"Herpetogramma","micro_05","Spilomelinae","Crambidae","medium","large","native","specialist","COFR","urban"
"Herpetogramma","micro_03","Spilomelinae","Crambidae","medium","large","native","specialist","COFR","urban"
"Herpetogramma","micro_03","Spilomelinae","Crambidae","medium","large","native","specialist","COFR","urban"
"Herpetogramma","micro_04","Spilomelinae","Crambidae","medium","large","native","specialist","COFR","urban"
"Herpetogramma","micro_04","Spilomelinae","Crambidae","medium","large","native","specialist","COFR","urban"
"Herpetogramma","micro_54","Spilomelinae","Crambidae","medium","large","native","specialist","PRCR","suburban"
"Herpetogramma","micro_03","Spilomelinae","Crambidae","medium","large","native","specialist","COFR","urban"
"Herpetogramma","micro_43","Spilomelinae","Crambidae","medium","large","native","specialist","JOMA","urban"
"Herpetogramma","micro_05","Spilomelinae","Crambidae","medium","large","native","specialist","COFR","urban"
"Herpetogramma","micro_08","Spilomelinae","Crambidae","medium","large","native","specialist","DEMI","suburban"
"Herpetogramma","micro_22","Spilomelinae","Crambidae","medium","large","native","specialist","BIVA","suburban"
"Herpetogramma","micro_35","Spilomelinae","Crambidae","medium","large","native","specialist","BACA","urban"
"Herpetogramma","micro_07","Spilomelinae","Crambidae","medium","large","native","specialist","DEMI","suburban"
"Herpetogramma","micro_15","Spilomelinae","Crambidae","medium","large","native","specialist","BOWA","rural"
"Herpetogramma","micro_02","Spilomelinae","Crambidae","medium","large","native","specialist","COFR","urban"
"Herpetogramma","micro_34","Spilomelinae","Crambidae","medium","large","native","specialist","BACA","urban"
"Herpetogramma","micro_15","Spilomelinae","Crambidae","medium","large","native","specialist","BOWA","rural"
"Herpetogramma","micro_08","Spilomelinae","Crambidae","medium","large","native","specialist","DEMI","suburban"
"Herpetogramma","micro_38","Spilomelinae","Crambidae","medium","large","native","specialist","AUCA","rural"
"Herpetogramma","micro_49","Spilomelinae","Crambidae","medium","large","native","specialist","PRCR","suburban"
"Homaledra","micro_04","","Pterolonchidae","light","large","native;pest","specialist","COFR","urban"
"Homaledra","micro_04","","Pterolonchidae","light","large","native;pest","specialist","COFR","urban"
"Homaledra","micro_04","","Pterolonchidae","light","large","native;pest","specialist","COFR","urban"
"Homoeosoma","micro_25","Phycitinae","Pyralidae","light","small","native","specialist","RIST","rural"
"Homoeosoma","micro_25","Phycitinae","Pyralidae","light","small","native","specialist","RIST","rural"
"Homoeosoma","micro_25","Phycitinae","Pyralidae","light","small","native","specialist","RIST","rural"
"Homoeosoma","micro_25","Phycitinae","Pyralidae","light","small","native","specialist","RIST","rural"
"Homoeosoma","micro_25","Phycitinae","Pyralidae","light","small","native","specialist","RIST","rural"
"Homoeosoma","micro_25","Phycitinae","Pyralidae","light","small","native","specialist","RIST","rural"
"Homosassa","micro_28","Phycitinae","Pyralidae","light","small","native","generalist","RIST","rural"
"Homosassa","micro_28","Phycitinae","Pyralidae","light","small","native","generalist","RIST","rural"
"Hypatopa","micro_04","Blastobasidae","Holcocerinae","light","large","native","specialist","COFR","urban"
"Hypatopa","micro_01","Blastobasidae","Holcocerinae","light","large","native","specialist","COFR","urban"
"Isa","micro_04","","Limacodidae","light","large","native","generalist","COFR","urban"
"Isa","micro_04","","Limacodidae","light","large","native","generalist","COFR","urban"
"Isa","micro_04","","Limacodidae","light","large","native","generalist","COFR","urban"
"Mesolia","micro_28","Crambinae","Crambidae","light","small","native","","RIST","rural"
"Mesolia","micro_28","Crambinae","Crambidae","light","small","native","","RIST","rural"
"Mesolia","micro_28","Crambinae","Crambidae","light","small","native","","RIST","rural"
"Mesolia","micro_28","Crambinae","Crambidae","light","small","native","","RIST","rural"
"Mesolia","micro_28","Crambinae","Crambidae","light","small","native","","RIST","rural"
"Mesolia","micro_28","Crambinae","Crambidae","light","small","native","","RIST","rural"
"Mesolia","micro_28","Crambinae","Crambidae","light","small","native","","RIST","rural"
"Mesolia","micro_28","Crambinae","Crambidae","light","small","native","","RIST","rural"
"Mesolia","micro_28","Crambinae","Crambidae","light","small","native","","RIST","rural"
"Mesolia","micro_28","Crambinae","Crambidae","light","small","native","","RIST","rural"
"Mesophleps","micro_05","Anacampsinae","Gelechiidae","light","medium","native","generalist","COFR","urban"
"Mesophleps","micro_05","Anacampsinae","Gelechiidae","light","medium","native","generalist","COFR","urban"
"Mesophleps","micro_05","Anacampsinae","Gelechiidae","light","medium","native","generalist","COFR","urban"
"Mesophleps","micro_05","Anacampsinae","Gelechiidae","light","medium","native","generalist","COFR","urban"
"Mesophleps","micro_05","Anacampsinae","Gelechiidae","light","medium","native","generalist","COFR","urban"
"Microcrambus","micro_03","Crambinae","Crambidae","medium","medium","native","generalist","COFR","urban"
"Microcrambus","micro_07","Crambinae","Crambidae","medium","medium","native","generalist","DEMI","suburban"
"Microcrambus","micro_07","Crambinae","Crambidae","medium","medium","native","generalist","DEMI","suburban"
"Microcrambus","micro_07","Crambinae","Crambidae","medium","medium","native","generalist","DEMI","suburban"
"Microcrambus","micro_07","Crambinae","Crambidae","medium","medium","native","generalist","DEMI","suburban"
"Microcrambus","micro_22","Crambinae","Crambidae","medium","medium","native","generalist","BIVA","suburban"
"Microcrambus","micro_04","Crambinae","Crambidae","medium","medium","native","generalist","COFR","urban"
"Microcrambus","micro_07","Crambinae","Crambidae","medium","medium","native","generalist","DEMI","suburban"
"Microcrambus","micro_07","Crambinae","Crambidae","medium","medium","native","generalist","DEMI","suburban"
"Microcrambus","micro_07","Crambinae","Crambidae","medium","medium","native","generalist","DEMI","suburban"
"Microcrambus","micro_07","Crambinae","Crambidae","medium","medium","native","generalist","DEMI","suburban"
"Microcrambus","micro_02","Crambinae","Crambidae","medium","medium","native","generalist","COFR","urban"
"Microcrambus","micro_07","Crambinae","Crambidae","medium","medium","native","generalist","DEMI","suburban"
"Microcrambus","micro_07","Crambinae","Crambidae","medium","medium","native","generalist","DEMI","suburban"
"Microcrambus","micro_07","Crambinae","Crambidae","medium","medium","native","generalist","DEMI","suburban"
"Microcrambus","micro_04","Crambinae","Crambidae","medium","medium","native","generalist","COFR","urban"
"Microcrambus","micro_07","Crambinae","Crambidae","medium","medium","native","generalist","DEMI","suburban"
"Microcrambus","micro_07","Crambinae","Crambidae","medium","medium","native","generalist","DEMI","suburban"
"Microcrambus","micro_08","Crambinae","Crambidae","medium","medium","native","generalist","DEMI","suburban"
"Microcrambus","micro_04","Crambinae","Crambidae","medium","medium","native","generalist","COFR","urban"
"Microcrambus","micro_08","Crambinae","Crambidae","medium","medium","native","generalist","DEMI","suburban"
"Microcrambus","micro_03","Crambinae","Crambidae","medium","medium","native","generalist","COFR","urban"
"Microcrambus","micro_07","Crambinae","Crambidae","medium","medium","native","generalist","DEMI","suburban"
"Microcrambus","micro_07","Crambinae","Crambidae","medium","medium","native","generalist","DEMI","suburban"
"Microcrambus","micro_07","Crambinae","Crambidae","medium","medium","native","generalist","DEMI","suburban"
"Microcrambus","micro_07","Crambinae","Crambidae","medium","medium","native","generalist","DEMI","suburban"
"Microcrambus","micro_07","Crambinae","Crambidae","medium","medium","native","generalist","DEMI","suburban"
"Microcrambus","micro_03","Crambinae","Crambidae","medium","medium","native","generalist","COFR","urban"
"Microcrambus","micro_07","Crambinae","Crambidae","medium","medium","native","generalist","DEMI","suburban"
"Microcrambus","micro_07","Crambinae","Crambidae","medium","medium","native","generalist","DEMI","suburban"
"Microcrambus","micro_02","Crambinae","Crambidae","medium","medium","native","generalist","COFR","urban"
"Microcrambus","micro_07","Crambinae","Crambidae","medium","medium","native","generalist","DEMI","suburban"
"Microcrambus","micro_15","Crambinae","Crambidae","medium","medium","native","generalist","BOWA","rural"
"Microcrambus","micro_08","Crambinae","Crambidae","medium","medium","native","generalist","DEMI","suburban"
"Microcrambus","micro_31","Crambinae","Crambidae","medium","medium","native","generalist","BACA","urban"
"Microcrambus","micro_07","Crambinae","Crambidae","medium","medium","native","generalist","DEMI","suburban"
"Microcrambus","micro_07","Crambinae","Crambidae","medium","medium","native","generalist","DEMI","suburban"
"Microcrambus","micro_07","Crambinae","Crambidae","medium","medium","native","generalist","DEMI","suburban"
"Microcrambus","micro_07","Crambinae","Crambidae","medium","medium","native","generalist","DEMI","suburban"
"Microcrambus","micro_07","Crambinae","Crambidae","medium","medium","native","generalist","DEMI","suburban"
"Microcrambus","micro_07","Crambinae","Crambidae","medium","medium","native","generalist","DEMI","suburban"
"Microcrambus","micro_07","Crambinae","Crambidae","medium","medium","native","generalist","DEMI","suburban"
"Microcrambus","micro_07","Crambinae","Crambidae","medium","medium","native","generalist","DEMI","suburban"
"Microcrambus","micro_07","Crambinae","Crambidae","medium","medium","native","generalist","DEMI","suburban"
"Microcrambus","micro_13","Crambinae","Crambidae","medium","medium","native","generalist","BOWA","rural"
"Microcrambus","micro_07","Crambinae","Crambidae","medium","medium","native","generalist","DEMI","suburban"
"Microcrambus","micro_07","Crambinae","Crambidae","medium","medium","native","generalist","DEMI","suburban"
"Microcrambus","micro_13","Crambinae","Crambidae","medium","medium","native","generalist","BOWA","rural"
"Microcrambus","micro_07","Crambinae","Crambidae","medium","medium","native","generalist","DEMI","suburban"
"Microcrambus","micro_07","Crambinae","Crambidae","medium","medium","native","generalist","DEMI","suburban"
"Microcrambus","micro_07","Crambinae","Crambidae","medium","medium","native","generalist","DEMI","suburban"
"Microcrambus","micro_07","Crambinae","Crambidae","medium","medium","native","generalist","DEMI","suburban"
"Microcrambus","micro_04","Crambinae","Crambidae","medium","medium","native","generalist","COFR","urban"
"Microcrambus","micro_07","Crambinae","Crambidae","medium","medium","native","generalist","DEMI","suburban"
"Microcrambus","micro_15","Crambinae","Crambidae","medium","medium","native","generalist","BOWA","rural"
"Microcrambus","micro_04","Crambinae","Crambidae","medium","medium","native","generalist","COFR","urban"
"Microcrambus","micro_07","Crambinae","Crambidae","medium","medium","native","generalist","DEMI","suburban"
"Microcrambus","micro_07","Crambinae","Crambidae","medium","medium","native","generalist","DEMI","suburban"
"Microcrambus","micro_07","Crambinae","Crambidae","medium","medium","native","generalist","DEMI","suburban"
"Microcrambus","micro_07","Crambinae","Crambidae","medium","medium","native","generalist","DEMI","suburban"
"Microcrambus","micro_07","Crambinae","Crambidae","medium","medium","native","generalist","DEMI","suburban"
"Microcrambus","micro_07","Crambinae","Crambidae","medium","medium","native","generalist","DEMI","suburban"
"Microcrambus","micro_04","Crambinae","Crambidae","medium","medium","native","generalist","COFR","urban"
"Microcrambus","micro_07","Crambinae","Crambidae","medium","medium","native","generalist","DEMI","suburban"
"Microcrambus","micro_07","Crambinae","Crambidae","medium","medium","native","generalist","DEMI","suburban"
"Microcrambus","micro_07","Crambinae","Crambidae","medium","medium","native","generalist","DEMI","suburban"
"Microcrambus","micro_07","Crambinae","Crambidae","medium","medium","native","generalist","DEMI","suburban"
"Microcrambus","micro_07","Crambinae","Crambidae","medium","medium","native","generalist","DEMI","suburban"
"Microcrambus","micro_07","Crambinae","Crambidae","medium","medium","native","generalist","DEMI","suburban"
"Microcrambus","micro_07","Crambinae","Crambidae","medium","medium","native","generalist","DEMI","suburban"
"Microcrambus","micro_04","Crambinae","Crambidae","medium","medium","native","generalist","COFR","urban"
"Microcrambus","micro_07","Crambinae","Crambidae","medium","medium","native","generalist","DEMI","suburban"
"Microcrambus","micro_07","Crambinae","Crambidae","medium","medium","native","generalist","DEMI","suburban"
"Microcrambus","micro_07","Crambinae","Crambidae","medium","medium","native","generalist","DEMI","suburban"
"Microcrambus","micro_34","Crambinae","Crambidae","medium","medium","native","generalist","BACA","urban"
"Microcrambus","micro_10","Crambinae","Crambidae","medium","medium","native","generalist","DEMI","suburban"
"Microcrambus","micro_04","Crambinae","Crambidae","medium","medium","native","generalist","COFR","urban"
"Microcrambus","micro_07","Crambinae","Crambidae","medium","medium","native","generalist","DEMI","suburban"
"Microcrambus","micro_07","Crambinae","Crambidae","medium","medium","native","generalist","DEMI","suburban"
"Microcrambus","micro_07","Crambinae","Crambidae","medium","medium","native","generalist","DEMI","suburban"
"Microcrambus","micro_07","Crambinae","Crambidae","medium","medium","native","generalist","DEMI","suburban"
"Microcrambus","micro_22","Crambinae","Crambidae","medium","medium","native","generalist","BIVA","suburban"
"Microcrambus","micro_22","Crambinae","Crambidae","medium","medium","native","generalist","BIVA","suburban"
"Microcrambus","micro_04","Crambinae","Crambidae","medium","medium","native","generalist","COFR","urban"
"Microcrambus","micro_07","Crambinae","Crambidae","medium","medium","native","generalist","DEMI","suburban"
"Microcrambus","micro_07","Crambinae","Crambidae","medium","medium","native","generalist","DEMI","suburban"
"Microcrambus","micro_13","Crambinae","Crambidae","medium","medium","native","generalist","BOWA","rural"
"Microcrambus","micro_07","Crambinae","Crambidae","medium","medium","native","generalist","DEMI","suburban"
"Microcrambus","micro_20","Crambinae","Crambidae","medium","medium","native","generalist","BIVA","suburban"
"Microcrambus","micro_07","Crambinae","Crambidae","medium","medium","native","generalist","DEMI","suburban"
"Microcrambus","micro_07","Crambinae","Crambidae","medium","medium","native","generalist","DEMI","suburban"
"Microcrambus","micro_07","Crambinae","Crambidae","medium","medium","native","generalist","DEMI","suburban"
"Microcrambus","micro_07","Crambinae","Crambidae","medium","medium","native","generalist","DEMI","suburban"
"Microcrambus","micro_07","Crambinae","Crambidae","medium","medium","native","generalist","DEMI","suburban"
"Microcrambus","micro_07","Crambinae","Crambidae","medium","medium","native","generalist","DEMI","suburban"
"Microcrambus","micro_30","Crambinae","Crambidae","medium","medium","native","generalist","RIST","rural"
"Microcrambus","micro_21","Crambinae","Crambidae","medium","medium","native","generalist","BIVA","suburban"
"Microcrambus","micro_16","Crambinae","Crambidae","medium","medium","native","generalist","BOWA","rural"
"Microcrambus","micro_07","Crambinae","Crambidae","medium","medium","native","generalist","DEMI","suburban"
"Microcrambus","micro_04","Crambinae","Crambidae","medium","medium","native","generalist","COFR","urban"
"Microcrambus","micro_08","Crambinae","Crambidae","medium","medium","native","generalist","DEMI","suburban"
"Microcrambus","micro_07","Crambinae","Crambidae","medium","medium","native","generalist","DEMI","suburban"
"Microcrambus","micro_07","Crambinae","Crambidae","medium","medium","native","generalist","DEMI","suburban"
"Microcrambus","micro_07","Crambinae","Crambidae","medium","medium","native","generalist","DEMI","suburban"
"Microcrambus","micro_07","Crambinae","Crambidae","medium","medium","native","generalist","DEMI","suburban"
"Microcrambus","micro_16","Crambinae","Crambidae","medium","medium","native","generalist","BOWA","rural"
"Microcrambus","micro_16","Crambinae","Crambidae","medium","medium","native","generalist","BOWA","rural"
"Microcrambus","micro_07","Crambinae","Crambidae","medium","medium","native","generalist","DEMI","suburban"
"Microcrambus","micro_04","Crambinae","Crambidae","medium","medium","native","generalist","COFR","urban"
"Microcrambus","micro_07","Crambinae","Crambidae","medium","medium","native","generalist","DEMI","suburban"
"Microcrambus","micro_22","Crambinae","Crambidae","medium","medium","native","generalist","BIVA","suburban"
"Microcrambus","micro_07","Crambinae","Crambidae","medium","medium","native","generalist","DEMI","suburban"
"Microcrambus","micro_07","Crambinae","Crambidae","medium","medium","native","generalist","DEMI","suburban"
"Microcrambus","micro_07","Crambinae","Crambidae","medium","medium","native","generalist","DEMI","suburban"
"Microcrambus","micro_28","Crambinae","Crambidae","medium","medium","native","generalist","RIST","rural"
"Microcrambus","micro_22","Crambinae","Crambidae","medium","medium","native","generalist","BIVA","suburban"
"Microcrambus","micro_28","Crambinae","Crambidae","medium","medium","native","generalist","RIST","rural"
"Microcrambus","micro_07","Crambinae","Crambidae","medium","medium","native","generalist","DEMI","suburban"
"Microcrambus","micro_07","Crambinae","Crambidae","medium","medium","native","generalist","DEMI","suburban"
"Microcrambus","micro_07","Crambinae","Crambidae","medium","medium","native","generalist","DEMI","suburban"
"Microcrambus","micro_22","Crambinae","Crambidae","medium","medium","native","generalist","BIVA","suburban"
"Microcrambus","micro_08","Crambinae","Crambidae","medium","medium","native","generalist","DEMI","suburban"
"Microcrambus","micro_07","Crambinae","Crambidae","medium","medium","native","generalist","DEMI","suburban"
"Microcrambus","micro_07","Crambinae","Crambidae","medium","medium","native","generalist","DEMI","suburban"
"Microcrambus","micro_07","Crambinae","Crambidae","medium","medium","native","generalist","DEMI","suburban"
"Microcrambus","micro_20","Crambinae","Crambidae","medium","medium","native","generalist","BIVA","suburban"
"Microcrambus","micro_20","Crambinae","Crambidae","medium","medium","native","generalist","BIVA","suburban"
"Microcrambus","micro_07","Crambinae","Crambidae","medium","medium","native","generalist","DEMI","suburban"
"Microcrambus","micro_07","Crambinae","Crambidae","medium","medium","native","generalist","DEMI","suburban"
"Microcrambus","micro_15","Crambinae","Crambidae","medium","medium","native","generalist","BOWA","rural"
"Microcrambus","micro_20","Crambinae","Crambidae","medium","medium","native","generalist","BIVA","suburban"
"Microcrambus","micro_07","Crambinae","Crambidae","medium","medium","native","generalist","DEMI","suburban"
"Microcrambus","micro_20","Crambinae","Crambidae","medium","medium","native","generalist","BIVA","suburban"
"Microcrambus","micro_07","Crambinae","Crambidae","medium","medium","native","generalist","DEMI","suburban"
"Microcrambus","micro_07","Crambinae","Crambidae","medium","medium","native","generalist","DEMI","suburban"
"Microcrambus","micro_17","Crambinae","Crambidae","medium","medium","native","generalist","BOWA","rural"
"Microcrambus","micro_13","Crambinae","Crambidae","medium","medium","native","generalist","BOWA","rural"
"Microcrambus","micro_07","Crambinae","Crambidae","medium","medium","native","generalist","DEMI","suburban"
"Microcrambus","micro_44","Crambinae","Crambidae","medium","medium","native","generalist","JOMA","urban"
"Microcrambus","micro_07","Crambinae","Crambidae","medium","medium","native","generalist","DEMI","suburban"
"Microcrambus","micro_07","Crambinae","Crambidae","medium","medium","native","generalist","DEMI","suburban"
"Microcrambus","micro_20","Crambinae","Crambidae","medium","medium","native","generalist","BIVA","suburban"
"Microcrambus","micro_07","Crambinae","Crambidae","medium","medium","native","generalist","DEMI","suburban"
"Microcrambus","micro_07","Crambinae","Crambidae","medium","medium","native","generalist","DEMI","suburban"
"Microcrambus","micro_07","Crambinae","Crambidae","medium","medium","native","generalist","DEMI","suburban"
"Microcrambus","micro_21","Crambinae","Crambidae","medium","medium","native","generalist","BIVA","suburban"
"Microcrambus","micro_07","Crambinae","Crambidae","medium","medium","native","generalist","DEMI","suburban"
"Microcrambus","micro_22","Crambinae","Crambidae","medium","medium","native","generalist","BIVA","suburban"
"Microcrambus","micro_07","Crambinae","Crambidae","medium","medium","native","generalist","DEMI","suburban"
"Microcrambus","micro_07","Crambinae","Crambidae","medium","medium","native","generalist","DEMI","suburban"
"Microcrambus","micro_15","Crambinae","Crambidae","medium","medium","native","generalist","BOWA","rural"
"Microcrambus","micro_22","Crambinae","Crambidae","medium","medium","native","generalist","BIVA","suburban"
"Microcrambus","micro_28","Crambinae","Crambidae","medium","medium","native","generalist","RIST","rural"
"Microcrambus","micro_21","Crambinae","Crambidae","medium","medium","native","generalist","BIVA","suburban"
"Microcrambus","micro_16","Crambinae","Crambidae","medium","medium","native","generalist","BOWA","rural"
"Norape","micro_02","","Megalopygidae","light","large","native","generalist","COFR","urban"
"Oenobotys","micro_49","Pyraustinae","Crambidae","medium","medium","native","generalist","PRCR","suburban"
"Oenobotys","micro_49","Pyraustinae","Crambidae","medium","medium","native","generalist","PRCR","suburban"
"Oncerozancla","micro_42","Gelechiinae","Gelechiidae","medium","large","exotic","","AUCA","rural"
"Parachma","micro_28","Chrysauginae","Pyralidae","light","large","native","","RIST","rural"
"Parachma","micro_49","Chrysauginae","Pyralidae","light","large","native","","PRCR","suburban"
"Parachma","micro_28","Chrysauginae","Pyralidae","light","large","native","","RIST","rural"
"Parachma","micro_28","Chrysauginae","Pyralidae","light","large","native","","RIST","rural"
"Parachma","micro_28","Chrysauginae","Pyralidae","light","large","native","","RIST","rural"
"Parachma","micro_28","Chrysauginae","Pyralidae","light","large","native","","RIST","rural"
"Parachma","micro_28","Chrysauginae","Pyralidae","light","large","native","","RIST","rural"
"Parachma","micro_03","Chrysauginae","Pyralidae","light","large","native","","COFR","urban"
"Parachma","micro_49","Chrysauginae","Pyralidae","light","large","native","","PRCR","suburban"
"Parapoynx","micro_22","Acentropinae","Crambidae","light","medium","exotic","specialist","BIVA","suburban"
"Parapoynx","micro_03","Acentropinae","Crambidae","light","medium","exotic","specialist","COFR","urban"
"Parapoynx","micro_03","Acentropinae","Crambidae","light","medium","exotic","specialist","COFR","urban"
"Parapoynx","micro_08","Acentropinae","Crambidae","light","medium","exotic","specialist","DEMI","suburban"
"Parapoynx","micro_08","Acentropinae","Crambidae","light","medium","exotic","specialist","DEMI","suburban"
"Parapoynx","micro_03","Acentropinae","Crambidae","light","medium","exotic","specialist","COFR","urban"
"Parapoynx","micro_02","Acentropinae","Crambidae","light","medium","exotic","specialist","COFR","urban"
"Parapoynx","micro_02","Acentropinae","Crambidae","light","medium","exotic","specialist","COFR","urban"
"Parapoynx","micro_03","Acentropinae","Crambidae","light","medium","exotic","specialist","COFR","urban"
"Parapoynx","micro_03","Acentropinae","Crambidae","light","medium","exotic","specialist","COFR","urban"
"Parapoynx","micro_03","Acentropinae","Crambidae","light","medium","exotic","specialist","COFR","urban"
"Parapoynx","micro_04","Acentropinae","Crambidae","light","medium","exotic","specialist","COFR","urban"
"Parapoynx","micro_03","Acentropinae","Crambidae","light","medium","exotic","specialist","COFR","urban"
"Parapoynx","micro_02","Acentropinae","Crambidae","light","medium","exotic","specialist","COFR","urban"
"Parapoynx","micro_22","Acentropinae","Crambidae","light","medium","exotic","specialist","BIVA","suburban"
"Parapoynx","micro_03","Acentropinae","Crambidae","light","medium","exotic","specialist","COFR","urban"
"Parapoynx","micro_03","Acentropinae","Crambidae","light","medium","exotic","specialist","COFR","urban"
"Parapoynx","micro_21","Acentropinae","Crambidae","light","medium","exotic","specialist","BIVA","suburban"
"Parapoynx","micro_04","Acentropinae","Crambidae","light","medium","exotic","specialist","COFR","urban"
"Parapoynx","micro_03","Acentropinae","Crambidae","light","medium","exotic","specialist","COFR","urban"
"Parapoynx","micro_03","Acentropinae","Crambidae","light","medium","exotic","specialist","COFR","urban"
"Parapoynx","micro_01","Acentropinae","Crambidae","light","medium","exotic","specialist","COFR","urban"
"Parapoynx","micro_03","Acentropinae","Crambidae","light","medium","exotic","specialist","COFR","urban"
"Parapoynx","micro_04","Acentropinae","Crambidae","light","medium","exotic","specialist","COFR","urban"
"Parapoynx","micro_03","Acentropinae","Crambidae","light","medium","exotic","specialist","COFR","urban"
"Parapoynx","micro_03","Acentropinae","Crambidae","light","medium","exotic","specialist","COFR","urban"
"Parapoynx","micro_12","Acentropinae","Crambidae","light","medium","exotic","specialist","DEMI","suburban"
"Parapoynx","micro_03","Acentropinae","Crambidae","light","medium","exotic","specialist","COFR","urban"
"Parapoynx","micro_10","Acentropinae","Crambidae","light","medium","exotic","specialist","DEMI","suburban"
"Parapoynx","micro_04","Acentropinae","Crambidae","light","medium","exotic","specialist","COFR","urban"
"Phtheochroa","micro_40","Tortricinae","Tortricidae","medium","medium","native","","AUCA","rural"
"Phycitodes","micro_05","Phycitinae","Pyralidae","medium","large","native","","COFR","urban"
"Phycitodes","micro_05","Phycitinae","Pyralidae","medium","large","native","","COFR","urban"
"Phycitodes","micro_05","Phycitinae","Pyralidae","medium","large","native","","COFR","urban"
"Phycitodes","micro_05","Phycitinae","Pyralidae","medium","large","native","","COFR","urban"
"Phycitodes","micro_05","Phycitinae","Pyralidae","medium","large","native","","COFR","urban"
"Phycitodes","micro_05","Phycitinae","Pyralidae","medium","large","native","","COFR","urban"
"Phycitodes","micro_05","Phycitinae","Pyralidae","medium","large","native","","COFR","urban"
"Phycitodes","micro_05","Phycitinae","Pyralidae","medium","large","native","","COFR","urban"
"Phycitodes","micro_05","Phycitinae","Pyralidae","medium","large","native","","COFR","urban"
"Phycitodes","micro_05","Phycitinae","Pyralidae","medium","large","native","","COFR","urban"
"Pigritia","micro_29","Blastobasinae","Blastobasidae","light","small","native","","RIST","rural"
"Pigritia","micro_29","Blastobasinae","Blastobasidae","light","small","native","","RIST","rural"
"Pigritia","micro_29","Blastobasinae","Blastobasidae","light","small","native","","RIST","rural"
"Plodia","micro_01","Phycitinae","Pyralidae","dark","medium","exotic;pest","generalist","COFR","urban"
"Plodia","micro_05","Phycitinae","Pyralidae","dark","medium","exotic;pest","generalist","COFR","urban"
"Plodia","micro_25","Phycitinae","Pyralidae","dark","medium","exotic;pest","generalist","RIST","rural"
"Plodia","micro_25","Phycitinae","Pyralidae","dark","medium","exotic;pest","generalist","RIST","rural"
"Plodia","micro_29","Phycitinae","Pyralidae","dark","medium","exotic;pest","generalist","RIST","rural"
"Plodia","micro_28","Phycitinae","Pyralidae","dark","medium","exotic;pest","generalist","RIST","rural"
"Plodia","micro_25","Phycitinae","Pyralidae","dark","medium","exotic;pest","generalist","RIST","rural"
"Plodia","micro_01","Phycitinae","Pyralidae","dark","medium","exotic;pest","generalist","COFR","urban"
"Plodia","micro_28","Phycitinae","Pyralidae","dark","medium","exotic;pest","generalist","RIST","rural"
"Plodia","micro_28","Phycitinae","Pyralidae","dark","medium","exotic;pest","generalist","RIST","rural"
"Plodia","micro_29","Phycitinae","Pyralidae","dark","medium","exotic;pest","generalist","RIST","rural"
"Plodia","micro_29","Phycitinae","Pyralidae","dark","medium","exotic;pest","generalist","RIST","rural"
"Plodia","micro_25","Phycitinae","Pyralidae","dark","medium","exotic;pest","generalist","RIST","rural"
"Plodia","micro_29","Phycitinae","Pyralidae","dark","medium","exotic;pest","generalist","RIST","rural"
"Plodia","micro_28","Phycitinae","Pyralidae","dark","medium","exotic;pest","generalist","RIST","rural"
"Plodia","micro_28","Phycitinae","Pyralidae","dark","medium","exotic;pest","generalist","RIST","rural"
"Plodia","micro_28","Phycitinae","Pyralidae","dark","medium","exotic;pest","generalist","RIST","rural"
"Plodia","micro_29","Phycitinae","Pyralidae","dark","medium","exotic;pest","generalist","RIST","rural"
"Plodia","micro_28","Phycitinae","Pyralidae","dark","medium","exotic;pest","generalist","RIST","rural"
"Plodia","micro_29","Phycitinae","Pyralidae","dark","medium","exotic;pest","generalist","RIST","rural"
"Plodia","micro_28","Phycitinae","Pyralidae","dark","medium","exotic;pest","generalist","RIST","rural"
"Plodia","micro_25","Phycitinae","Pyralidae","dark","medium","exotic;pest","generalist","RIST","rural"
"Plodia","micro_29","Phycitinae","Pyralidae","dark","medium","exotic;pest","generalist","RIST","rural"
"Plodia","micro_29","Phycitinae","Pyralidae","dark","medium","exotic;pest","generalist","RIST","rural"
"Plodia","micro_28","Phycitinae","Pyralidae","dark","medium","exotic;pest","generalist","RIST","rural"
"Pococera","micro_28","Epipaschiinae","Pyralidae","light","large","native","specialist","RIST","rural"
"Pococera","micro_28","Epipaschiinae","Pyralidae","light","large","native","specialist","RIST","rural"
"Pococera","micro_28","Epipaschiinae","Pyralidae","light","large","native","specialist","RIST","rural"
"Pococera","micro_28","Epipaschiinae","Pyralidae","light","large","native","specialist","RIST","rural"
"Pococera","micro_28","Epipaschiinae","Pyralidae","light","large","native","specialist","RIST","rural"
"Pococera","micro_28","Epipaschiinae","Pyralidae","light","large","native","specialist","RIST","rural"
"Pococera","micro_28","Epipaschiinae","Pyralidae","light","large","native","specialist","RIST","rural"
"Pococera","micro_28","Epipaschiinae","Pyralidae","light","large","native","specialist","RIST","rural"
"Praeacedes","micro_31","Tineidae","Tineoidea","light","small","native","generalist","BACA","urban"
"Prionapteryx","micro_28","Crambine","Crambidae","medium","small","native","specialist","RIST","rural"
"Prionapteryx","micro_28","Crambine","Crambidae","medium","small","native","specialist","RIST","rural"
"Pseudexentera","micro_40","Olethreutinae","Tortricidae","medium","medium","native","specialist","AUCA","rural"
"Pseudexentera","micro_40","Olethreutinae","Tortricidae","medium","medium","native","specialist","AUCA","rural"
"Pyrausta","micro_04","Pyraustinae","Crambidae","medium","large","native","generalist","COFR","urban"
"Pyrausta","micro_28","Pyraustinae","Crambidae","medium","large","native","generalist","RIST","rural"
"Pyrausta","micro_28","Pyraustinae","Crambidae","medium","large","native","generalist","RIST","rural"
"Pyrausta","micro_28","Pyraustinae","Crambidae","medium","large","native","generalist","RIST","rural"
"Pyrausta","micro_48","Pyraustinae","Crambidae","medium","large","native","generalist","JOMA","urban"
"Pyrausta","micro_04","Pyraustinae","Crambidae","medium","large","native","generalist","COFR","urban"
"Pyrausta","micro_04","Pyraustinae","Crambidae","medium","large","native","generalist","COFR","urban"
"Pyrausta","micro_04","Pyraustinae","Crambidae","medium","large","native","generalist","COFR","urban"
"Samea","micro_22","Spilomelinae","Crambidae","medium","medium","native","specialist","BIVA","suburban"
"Samea","micro_23","Spilomelinae","Crambidae","medium","medium","native","specialist","BIVA","suburban"
"Samea","micro_03","Spilomelinae","Crambidae","medium","medium","native","specialist","COFR","urban"
"Samea","micro_05","Spilomelinae","Crambidae","medium","medium","native","specialist","COFR","urban"
"Scardiella","micro_05","Scardiinae","Tineidae","medium","medium","native","specialist","COFR","urban"
"Scardiella","micro_05","Scardiinae","Tineidae","medium","medium","native","specialist","COFR","urban"
"Sciota","micro_03","Phycitinae","Pyralidae","medium","medium","native","specalist","COFR","urban"
"Sciota","micro_38","Phycitinae","Pyralidae","medium","medium","native","specalist","AUCA","rural"
"Sciota","micro_38","Phycitinae","Pyralidae","medium","medium","native","specalist","AUCA","rural"
"Sinoe","micro_44","Gelechiinae","Gelechiidae","light","small","native","specialist","JOMA","urban"
"Sinoe","micro_44","Gelechiinae","Gelechiidae","light","small","native","specialist","JOMA","urban"
"Sinoe","micro_44","Gelechiinae","Gelechiidae","light","small","native","specialist","JOMA","urban"
"Sparganothis","micro_29","Tortricinae","Tortricidae","light","medium","native;pest","specialist","RIST","rural"
"Tebenna","micro_29","Choreutinae","Choreutidae","medium","small","native","generalist","RIST","rural"
"Tinea","micro_35","Tineinae","Tineidae","light","small","native;pest","specialist","BACA","urban"
"Tosale","micro_49","Chrysauginae","Pyralidae","medium","medium","native","","PRCR","suburban"
"Tuta","micro_28","Gelechiidae","Gelechiidae","medium","small","native;pest","specialist","RIST","rural"
"Tuta","micro_28","Gelechiidae","Gelechiidae","medium","small","native;pest","specialist","RIST","rural"
"Tuta","micro_28","Gelechiidae","Gelechiidae","medium","small","native;pest","specialist","RIST","rural"
"Vaxi","micro_49","Crambinae","Crambidae","light","large","native","generalist","PRCR","suburban"
"Xantippe","micro_03","Chrysauginae","Pyralidae","dark","large","native","","COFR","urban"
"Xantippe","micro_14","Chrysauginae","Pyralidae","dark","large","native","","BOWA","rural"
"Xantippe","micro_05","Chrysauginae","Pyralidae","dark","large","native","","COFR","urban"
"Xantippe","micro_04","Chrysauginae","Pyralidae","dark","large","native","","COFR","urban"
"Xantippe","micro_05","Chrysauginae","Pyralidae","dark","large","native","","COFR","urban"
"Xantippe","micro_05","Chrysauginae","Pyralidae","dark","large","native","","COFR","urban"
"Xantippe","micro_02","Chrysauginae","Pyralidae","dark","large","native","","COFR","urban"
"Xantippe","micro_03","Chrysauginae","Pyralidae","dark","large","native","","COFR","urban"
"Xantippe","micro_03","Chrysauginae","Pyralidae","dark","large","native","","COFR","urban"
"Xubida","micro_28","Crambinae","Crambidae","light","large","native","specialist","RIST","rural"
"Xubida","micro_28","Crambinae","Crambidae","light","large","native","specialist","RIST","rural"
"Xubida","micro_28","Crambinae","Crambidae","light","large","native","specialist","RIST","rural"
"Xubida","micro_28","Crambinae","Crambidae","light","large","native","specialist","RIST","rural"
"Xubida","micro_28","Crambinae","Crambidae","light","large","native","specialist","RIST","rural"
"Xubida","micro_28","Crambinae","Crambidae","light","large","native","specialist","RIST","rural"
"Xubida","micro_22","Crambinae","Crambidae","light","large","native","specialist","BIVA","suburban"
"Xubida","micro_28","Crambinae","Crambidae","light","large","native","specialist","RIST","rural"
"Xubida","micro_28","Crambinae","Crambidae","light","large","native","specialist","RIST","rural"
"Xubida","micro_28","Crambinae","Crambidae","light","large","native","specialist","RIST","rural"
"Xubida","micro_28","Crambinae","Crambidae","light","large","native","specialist","RIST","rural"
"Xubida","micro_28","Crambinae","Crambidae","light","large","native","specialist","RIST","rural"
"Xubida","micro_28","Crambinae","Crambidae","light","large","native","specialist","RIST","rural"
"Xubida","micro_28","Crambinae","Crambidae","light","large","native","specialist","RIST","rural"
"Xubida","micro_28","Crambinae","Crambidae","light","large","native","specialist","RIST","rural"
